{"cameraMode":{"drawMode":0,"name":"Shaded","section":"Shading Mode"},"sceneLighting":false,"audioPlay":false,"sceneViewState":{"showFog":true,"showMaterialUpdate":false,"showSkybox":false,"showFlares":true,"showImageEffects":true,"showParticleSystems":true},"in2DMode":false,"pivot":{"x":232.00390625,"y":318.60809326171877,"z":-322.75628662109377},"rotation":{"x":0.05080920830368996,"y":0.946928858757019,"z":0.18820028007030488,"w":-0.25565746426582339},"size":238.82174682617188,"orthographic":false}