{"cameraMode":{"drawMode":0,"name":"Shaded","section":"Shading Mode"},"sceneLighting":false,"audioPlay":false,"sceneViewState":{"showFog":true,"showMaterialUpdate":true,"showSkybox":false,"showFlares":true,"showImageEffects":true,"showParticleSystems":true},"in2DMode":false,"pivot":{"x":3.364039659500122,"y":-9.80827522277832,"z":-1.6824209690093995},"rotation":{"x":-0.0406435988843441,"y":0.7515674829483032,"z":-0.04651585966348648,"w":-0.6567848324775696},"size":29.113618850708009,"orthographic":false}