{"cameraMode":{"drawMode":0,"name":"Shaded","section":"Shading Mode"},"sceneLighting":false,"audioPlay":false,"sceneViewState":{"showFog":false,"showMaterialUpdate":false,"showSkybox":false,"showFlares":false,"showImageEffects":false,"showParticleSystems":false},"in2DMode":false,"pivot":{"x":318.3946228027344,"y":214.91595458984376,"z":-13.80364990234375},"rotation":{"x":0.10212615877389908,"y":0.010753930546343327,"z":-0.0011024498380720616,"w":0.994721531867981},"size":153.1629180908203,"orthographic":false}