{"cameraMode":{"drawMode":0,"name":"Shaded","section":"Shading Mode"},"sceneLighting":true,"audioPlay":false,"sceneViewState":{"showFog":true,"showMaterialUpdate":true,"showSkybox":true,"showFlares":true,"showImageEffects":true,"showParticleSystems":true},"in2DMode":false,"pivot":{"x":0.9749202132225037,"y":-135.05291748046876,"z":241.7186737060547},"rotation":{"x":-0.09749452769756317,"y":0.6586675643920898,"z":-0.08665487170219422,"w":-0.7410675287246704},"size":93.65367889404297,"orthographic":false}