{"cameraMode":{"drawMode":0,"name":"Shaded","section":"Shading Mode"},"sceneLighting":true,"audioPlay":false,"sceneViewState":{"showFog":true,"showMaterialUpdate":true,"showSkybox":true,"showFlares":true,"showImageEffects":true,"showParticleSystems":true},"in2DMode":false,"pivot":{"x":727.6142578125,"y":76.99685668945313,"z":-237.55072021484376},"rotation":{"x":-0.16482840478420258,"y":0.32936960458755495,"z":-0.05851791426539421,"w":-0.9278780221939087},"size":366.2640686035156,"orthographic":false}