{"cameraMode":{"drawMode":0,"name":"Shaded","section":"Shading Mode"},"sceneLighting":false,"audioPlay":false,"sceneViewState":{"showFog":true,"showMaterialUpdate":true,"showSkybox":false,"showFlares":true,"showImageEffects":true,"showParticleSystems":true},"in2DMode":false,"pivot":{"x":2.903191089630127,"y":0.9730261564254761,"z":-0.9988632202148438},"rotation":{"x":-0.10163290798664093,"y":0.7430237531661987,"z":-0.11595948785543442,"w":-0.6512876749038696},"size":5.100017547607422,"orthographic":false}