{"cameraMode":{"drawMode":0,"name":"Shaded","section":"Shading Mode"},"sceneLighting":true,"audioPlay":false,"sceneViewState":{"showFog":true,"showMaterialUpdate":false,"showSkybox":true,"showFlares":true,"showImageEffects":true,"showParticleSystems":true},"in2DMode":false,"pivot":{"x":6.562833786010742,"y":-7.869087219238281,"z":30.233552932739259},"rotation":{"x":-0.038589369505643848,"y":0.6578426957130432,"z":-0.033782582730054858,"w":-0.7514132857322693},"size":95.61605834960938,"orthographic":false}