{"cameraMode":{"drawMode":0,"name":"Shaded","section":"Shading Mode"},"sceneLighting":false,"audioPlay":false,"sceneViewState":{"showFog":true,"showMaterialUpdate":false,"showSkybox":false,"showFlares":true,"showImageEffects":true,"showParticleSystems":true},"in2DMode":false,"pivot":{"x":-2.6966397762298586,"y":-6.081394195556641,"z":9.569890022277832},"rotation":{"x":-0.021589932963252069,"y":0.8348991274833679,"z":-0.03283800557255745,"w":-0.5490289926528931},"size":1.8208307027816773,"orthographic":false}