{"cameraMode":{"drawMode":0,"name":"Shaded","section":"Shading Mode"},"sceneLighting":true,"audioPlay":false,"sceneViewState":{"showFog":true,"showMaterialUpdate":false,"showSkybox":true,"showFlares":true,"showImageEffects":true,"showParticleSystems":true},"in2DMode":false,"pivot":{"x":-544.4794311523438,"y":-305.3269348144531,"z":-34.771636962890628},"rotation":{"x":-0.086309053003788,"y":0.82208251953125,"z":-0.12955887615680695,"w":-0.5476959347724915},"size":668.1810913085938,"orthographic":false}