{"cameraMode":{"drawMode":0,"name":"Shaded","section":"Shading Mode"},"sceneLighting":false,"audioPlay":false,"sceneViewState":{"showFog":true,"showMaterialUpdate":false,"showSkybox":false,"showFlares":true,"showImageEffects":true,"showParticleSystems":true},"in2DMode":false,"pivot":{"x":336.6019592285156,"y":214.71331787109376,"z":9.0828857421875},"rotation":{"x":-0.1393488645553589,"y":-0.009806734509766102,"z":0.0013766023330390454,"w":-0.9902018904685974},"size":422.73699951171877,"orthographic":false}