{"cameraMode":{"drawMode":0,"name":"Shaded","section":"Shading Mode"},"sceneLighting":true,"audioPlay":false,"sceneViewState":{"showFog":true,"showMaterialUpdate":true,"showSkybox":true,"showFlares":true,"showImageEffects":true,"showParticleSystems":true},"in2DMode":false,"pivot":{"x":153.283935546875,"y":60.57077407836914,"z":98.30543518066406},"rotation":{"x":-0.00984931644052267,"y":0.9504294991493225,"z":-0.03024083748459816,"w":-0.30937981605529787},"size":28.82903289794922,"orthographic":false}